<?xml version="1.0" encoding="UTF-8"?><font><info face="mickeyLine" size="72" bold="0" italic="0" charset="" unicode="1" stretchH="100" smooth="1" aa="1" padding="1,1,1,1" spacing="1,1"/><common lineHeight="72" base="50" scaleW="433" scaleH="433" pages="1" packed="0"/><pages><page id="0" file="Unnamed.png"/></pages><chars count="81"><char id="32" x="0" y="0" width="0" height="0" xoffset="0" yoffset="0" xadvance="22" page="0" chnl="15"/><!--   --><char id="33" x="389" y="112" width="24" height="51" xoffset="0" yoffset="4" xadvance="23" page="0" chnl="15"/><!-- ! --><char id="34" x="124" y="408" width="32" height="25" xoffset="-2" yoffset="2" xadvance="27" page="0" chnl="15"/><!-- " --><char id="35" x="175" y="0" width="47" height="45" xoffset="-1" yoffset="6" xadvance="45" page="0" chnl="15"/><!-- # --><char id="36" x="268" y="347" width="40" height="64" xoffset="-1" yoffset="-4" xadvance="39" page="0" chnl="15"/><!-- $ --><char id="37" x="71" y="112" width="52" height="50" xoffset="-1" yoffset="2" xadvance="50" page="0" chnl="15"/><!-- % --><char id="38" x="71" y="57" width="52" height="54" xoffset="-6" yoffset="1" xadvance="39" page="0" chnl="15"/><!-- & --><char id="39" x="196" y="410" width="18" height="22" xoffset="-3" yoffset="3" xadvance="14" page="0" chnl="15"/><!-- ' --><char id="40" x="353" y="275" width="26" height="56" xoffset="-1" yoffset="1" xadvance="25" page="0" chnl="15"/><!-- ( --><char id="41" x="353" y="332" width="26" height="56" xoffset="-1" yoffset="1" xadvance="25" page="0" chnl="15"/><!-- ) --><char id="42" x="353" y="183" width="34" height="34" xoffset="-1" yoffset="6" xadvance="33" page="0" chnl="15"/><!-- * --><char id="43" x="353" y="50" width="35" height="34" xoffset="-1" yoffset="14" xadvance="33" page="0" chnl="15"/><!-- + --><char id="44" x="389" y="326" width="19" height="27" xoffset="0" yoffset="31" xadvance="21" page="0" chnl="15"/><!-- , --><char id="45" x="268" y="412" width="21" height="16" xoffset="1" yoffset="21" xadvance="23" page="0" chnl="15"/><!-- - --><char id="46" x="175" y="410" width="20" height="22" xoffset="0" yoffset="30" xadvance="21" page="0" chnl="15"/><!-- . --><char id="47" x="353" y="218" width="33" height="56" xoffset="-3" yoffset="-1" xadvance="29" page="0" chnl="15"/><!-- / --><char id="58" x="353" y="389" width="22" height="43" xoffset="-1" yoffset="9" xadvance="22" page="0" chnl="15"/><!-- : --><char id="59" x="389" y="276" width="21" height="49" xoffset="0" yoffset="9" xadvance="21" page="0" chnl="15"/><!-- ; --><char id="61" x="223" y="401" width="35" height="28" xoffset="-1" yoffset="17" xadvance="33" page="0" chnl="15"/><!-- = --><char id="63" x="312" y="310" width="36" height="54" xoffset="-4" yoffset="1" xadvance="25" page="0" chnl="15"/><!-- ? --><char id="64" x="0" y="276" width="57" height="57" xoffset="-3" yoffset="1" xadvance="52" page="0" chnl="15"/><!-- @ --><char id="65" x="71" y="0" width="53" height="56" xoffset="-12" yoffset="0" xadvance="29" page="0" chnl="15"/><!-- A --><char id="66" x="175" y="310" width="45" height="49" xoffset="-8" yoffset="5" xadvance="29" page="0" chnl="15"/><!-- B --><char id="67" x="223" y="0" width="44" height="49" xoffset="-7" yoffset="5" xadvance="29" page="0" chnl="15"/><!-- C --><char id="68" x="223" y="98" width="44" height="47" xoffset="-7" yoffset="6" xadvance="29" page="0" chnl="15"/><!-- D --><char id="69" x="353" y="0" width="35" height="49" xoffset="-6" yoffset="4" xadvance="22" page="0" chnl="15"/><!-- E --><char id="70" x="353" y="134" width="34" height="48" xoffset="-6" yoffset="4" xadvance="22" page="0" chnl="15"/><!-- F --><char id="71" x="268" y="49" width="43" height="48" xoffset="-7" yoffset="4" xadvance="29" page="0" chnl="15"/><!-- G --><char id="72" x="268" y="198" width="42" height="50" xoffset="-6" yoffset="5" xadvance="29" page="0" chnl="15"/><!-- H --><char id="73" x="92" y="387" width="20" height="46" xoffset="-3" yoffset="6" xadvance="15" page="0" chnl="15"/><!-- I --><char id="74" x="312" y="49" width="40" height="48" xoffset="-14" yoffset="4" xadvance="22" page="0" chnl="15"/><!-- J --><char id="75" x="175" y="101" width="46" height="54" xoffset="-6" yoffset="1" xadvance="29" page="0" chnl="15"/><!-- K --><char id="76" x="312" y="151" width="38" height="52" xoffset="-4" yoffset="3" xadvance="22" page="0" chnl="15"/><!-- L --><char id="77" x="0" y="219" width="67" height="56" xoffset="-8" yoffset="0" xadvance="51" page="0" chnl="15"/><!-- M --><char id="78" x="175" y="208" width="46" height="51" xoffset="-9" yoffset="3" xadvance="29" page="0" chnl="15"/><!-- N --><char id="79" x="124" y="361" width="47" height="46" xoffset="-9" yoffset="5" xadvance="29" page="0" chnl="15"/><!-- O --><char id="80" x="268" y="298" width="42" height="48" xoffset="-6" yoffset="5" xadvance="29" page="0" chnl="15"/><!-- P --><char id="81" x="124" y="164" width="49" height="49" xoffset="-8" yoffset="6" xadvance="29" page="0" chnl="15"/><!-- Q --><char id="82" x="223" y="301" width="43" height="50" xoffset="-5" yoffset="5" xadvance="29" page="0" chnl="15"/><!-- R --><char id="83" x="312" y="257" width="37" height="52" xoffset="-7" yoffset="3" xadvance="22" page="0" chnl="15"/><!-- S --><char id="84" x="223" y="198" width="43" height="51" xoffset="-7" yoffset="3" xadvance="29" page="0" chnl="15"/><!-- T --><char id="85" x="268" y="98" width="43" height="48" xoffset="-7" yoffset="3" xadvance="29" page="0" chnl="15"/><!-- U --><char id="86" x="71" y="330" width="50" height="56" xoffset="-10" yoffset="1" xadvance="29" page="0" chnl="15"/><!-- V --><char id="87" x="0" y="104" width="69" height="57" xoffset="-9" yoffset="0" xadvance="51" page="0" chnl="15"/><!-- W --><char id="88" x="124" y="57" width="49" height="56" xoffset="-10" yoffset="1" xadvance="29" page="0" chnl="15"/><!-- X --><char id="89" x="71" y="218" width="51" height="54" xoffset="-10" yoffset="0" xadvance="29" page="0" chnl="15"/><!-- Y --><char id="90" x="124" y="264" width="47" height="49" xoffset="-11" yoffset="4" xadvance="29" page="0" chnl="15"/><!-- Z --><char id="91" x="389" y="164" width="22" height="55" xoffset="-1" yoffset="5" xadvance="20" page="0" chnl="15"/><!-- [ --><char id="93" x="389" y="220" width="22" height="55" xoffset="-1" yoffset="5" xadvance="20" page="0" chnl="15"/><!-- ] --><char id="94" x="0" y="391" width="37" height="35" xoffset="-1" yoffset="2" xadvance="35" page="0" chnl="15"/><!-- ^ --><char id="95" x="312" y="415" width="25" height="14" xoffset="-1" yoffset="37" xadvance="23" page="0" chnl="15"/><!-- _ --><char id="97" x="0" y="334" width="53" height="56" xoffset="-12" yoffset="0" xadvance="29" page="0" chnl="15"/><!-- a --><char id="98" x="175" y="260" width="45" height="49" xoffset="-8" yoffset="5" xadvance="29" page="0" chnl="15"/><!-- b --><char id="99" x="175" y="360" width="44" height="49" xoffset="-7" yoffset="5" xadvance="29" page="0" chnl="15"/><!-- c --><char id="100" x="223" y="50" width="44" height="47" xoffset="-7" yoffset="6" xadvance="29" page="0" chnl="15"/><!-- d --><char id="101" x="312" y="365" width="35" height="49" xoffset="-6" yoffset="4" xadvance="22" page="0" chnl="15"/><!-- e --><char id="102" x="353" y="85" width="34" height="48" xoffset="-6" yoffset="4" xadvance="22" page="0" chnl="15"/><!-- f --><char id="103" x="223" y="352" width="43" height="48" xoffset="-7" yoffset="4" xadvance="29" page="0" chnl="15"/><!-- g --><char id="104" x="268" y="147" width="42" height="50" xoffset="-6" yoffset="5" xadvance="29" page="0" chnl="15"/><!-- h --><char id="105" x="71" y="387" width="20" height="46" xoffset="-3" yoffset="6" xadvance="15" page="0" chnl="15"/><!-- i --><char id="106" x="312" y="0" width="40" height="48" xoffset="-14" yoffset="4" xadvance="22" page="0" chnl="15"/><!-- j --><char id="107" x="175" y="46" width="46" height="54" xoffset="-6" yoffset="1" xadvance="29" page="0" chnl="15"/><!-- k --><char id="108" x="312" y="98" width="38" height="52" xoffset="-4" yoffset="3" xadvance="22" page="0" chnl="15"/><!-- l --><char id="109" x="0" y="162" width="67" height="56" xoffset="-8" yoffset="0" xadvance="51" page="0" chnl="15"/><!-- m --><char id="110" x="175" y="156" width="46" height="51" xoffset="-9" yoffset="3" xadvance="29" page="0" chnl="15"/><!-- n --><char id="111" x="124" y="314" width="47" height="46" xoffset="-9" yoffset="5" xadvance="29" page="0" chnl="15"/><!-- o --><char id="112" x="268" y="249" width="42" height="48" xoffset="-6" yoffset="5" xadvance="29" page="0" chnl="15"/><!-- p --><char id="113" x="124" y="114" width="49" height="49" xoffset="-8" yoffset="6" xadvance="29" page="0" chnl="15"/><!-- q --><char id="114" x="223" y="250" width="43" height="50" xoffset="-5" yoffset="5" xadvance="29" page="0" chnl="15"/><!-- r --><char id="115" x="312" y="204" width="37" height="52" xoffset="-7" yoffset="3" xadvance="22" page="0" chnl="15"/><!-- s --><char id="116" x="223" y="146" width="43" height="51" xoffset="-7" yoffset="3" xadvance="29" page="0" chnl="15"/><!-- t --><char id="117" x="268" y="0" width="43" height="48" xoffset="-7" yoffset="3" xadvance="29" page="0" chnl="15"/><!-- u --><char id="118" x="71" y="273" width="50" height="56" xoffset="-10" yoffset="1" xadvance="29" page="0" chnl="15"/><!-- v --><char id="119" x="0" y="46" width="69" height="57" xoffset="-9" yoffset="0" xadvance="51" page="0" chnl="15"/><!-- w --><char id="120" x="125" y="0" width="49" height="56" xoffset="-10" yoffset="1" xadvance="29" page="0" chnl="15"/><!-- x --><char id="121" x="71" y="163" width="51" height="54" xoffset="-10" yoffset="0" xadvance="29" page="0" chnl="15"/><!-- y --><char id="122" x="124" y="214" width="47" height="49" xoffset="-11" yoffset="4" xadvance="29" page="0" chnl="15"/><!-- z --><char id="123" x="389" y="0" width="25" height="55" xoffset="-1" yoffset="5" xadvance="23" page="0" chnl="15"/><!-- { --><char id="124" x="415" y="0" width="18" height="58" xoffset="-1" yoffset="3" xadvance="16" page="0" chnl="15"/><!-- | --><char id="125" x="389" y="56" width="25" height="55" xoffset="-1" yoffset="5" xadvance="23" page="0" chnl="15"/><!-- } --><char id="8470" x="0" y="0" width="70" height="45" xoffset="-1" yoffset="6" xadvance="68" page="0" chnl="15"/><!-- № --></chars><kernings count="1039"><kerning first="97" second="33" amount="7"/><kerning first="97" second="59" amount="6"/><kerning first="97" second="58" amount="6"/><kerning first="97" second="63" amount="6"/><kerning first="97" second="95" amount="5"/><kerning first="97" second="45" amount="-3"/><kerning first="97" second="46" amount="5"/><kerning first="97" second="44" amount="5"/><kerning first="97" second="34" amount="-5"/><kerning first="97" second="39" amount="-5"/><kerning first="97" second="38" amount="9"/><kerning first="98" second="33" amount="2"/><kerning first="98" second="59" amount="3"/><kerning first="98" second="58" amount="3"/><kerning first="98" second="63" amount="2"/><kerning first="98" second="95" amount="3"/><kerning first="98" second="46" amount="3"/><kerning first="98" second="44" amount="3"/><kerning first="98" second="34" amount="1"/><kerning first="98" second="39" amount="1"/><kerning first="98" second="38" amount="9"/><kerning first="99" second="33" amount="3"/><kerning first="99" second="59" amount="4"/><kerning first="99" second="58" amount="4"/><kerning first="99" second="63" amount="4"/><kerning first="99" second="95" amount="3"/><kerning first="99" second="45" amount="-7"/><kerning first="99" second="46" amount="3"/><kerning first="99" second="44" amount="3"/><kerning first="99" second="34" amount="1"/><kerning first="99" second="39" amount="1"/><kerning first="99" second="38" amount="8"/><kerning first="100" second="33" amount="-1"/><kerning first="100" second="59" amount="2"/><kerning first="100" second="58" amount="2"/><kerning first="100" second="63" amount="1"/><kerning first="100" second="45" amount="4"/><kerning first="100" second="34" amount="2"/><kerning first="100" second="39" amount="2"/><kerning first="100" second="38" amount="8"/><kerning first="101" second="33" amount="1"/><kerning first="101" second="59" amount="2"/><kerning first="101" second="58" amount="2"/><kerning first="101" second="63" amount="4"/><kerning first="101" second="95" amount="2"/><kerning first="101" second="45" amount="-2"/><kerning first="101" second="46" amount="2"/><kerning first="101" second="44" amount="2"/><kerning first="101" second="34" amount="2"/><kerning first="101" second="39" amount="2"/><kerning first="101" second="38" amount="8"/><kerning first="102" second="33" amount="-3"/><kerning first="102" second="63" amount="6"/><kerning first="102" second="95" amount="-2"/><kerning first="102" second="46" amount="-2"/><kerning first="102" second="44" amount="-2"/><kerning first="102" second="34" amount="4"/><kerning first="102" second="39" amount="4"/><kerning first="102" second="38" amount="6"/><kerning first="103" second="33" amount="-2"/><kerning first="103" second="59" amount="1"/><kerning first="103" second="58" amount="1"/><kerning first="103" second="63" amount="2"/><kerning first="103" second="45" amount="2"/><kerning first="103" second="34" amount="2"/><kerning first="103" second="39" amount="2"/><kerning first="103" second="38" amount="7"/><kerning first="104" second="33" amount="2"/><kerning first="104" second="59" amount="3"/><kerning first="104" second="58" amount="3"/><kerning first="104" second="63" amount="4"/><kerning first="104" second="95" amount="2"/><kerning first="104" second="45" amount="1"/><kerning first="104" second="46" amount="2"/><kerning first="104" second="44" amount="2"/><kerning first="104" second="34" amount="5"/><kerning first="104" second="39" amount="5"/><kerning first="104" second="38" amount="7"/><kerning first="105" second="33" amount="2"/><kerning first="105" second="59" amount="3"/><kerning first="105" second="58" amount="3"/><kerning first="105" second="63" amount="4"/><kerning first="105" second="95" amount="2"/><kerning first="105" second="45" amount="1"/><kerning first="105" second="46" amount="2"/><kerning first="105" second="44" amount="2"/><kerning first="105" second="34" amount="5"/><kerning first="105" second="39" amount="5"/><kerning first="105" second="38" amount="7"/><kerning first="106" second="33" amount="-2"/><kerning first="106" second="59" amount="2"/><kerning first="106" second="58" amount="2"/><kerning first="106" second="63" amount="6"/><kerning first="106" second="95" amount="-1"/><kerning first="106" second="45" amount="2"/><kerning first="106" second="46" amount="-1"/><kerning first="106" second="44" amount="-1"/><kerning first="106" second="34" amount="4"/><kerning first="106" second="39" amount="4"/><kerning first="106" second="38" amount="6"/><kerning first="107" second="33" amount="6"/><kerning first="107" second="59" amount="6"/><kerning first="107" second="58" amount="6"/><kerning first="107" second="63" amount="8"/><kerning first="107" second="95" amount="6"/><kerning first="107" second="45" amount="-8"/><kerning first="107" second="46" amount="6"/><kerning first="107" second="44" amount="6"/><kerning first="107" second="34" amount="6"/><kerning first="107" second="39" amount="6"/><kerning first="107" second="38" amount="10"/><kerning first="108" second="33" amount="7"/><kerning first="108" second="59" amount="8"/><kerning first="108" second="58" amount="8"/><kerning first="108" second="63" amount="7"/><kerning first="108" second="95" amount="7"/><kerning first="108" second="45" amount="-9"/><kerning first="108" second="46" amount="7"/><kerning first="108" second="44" amount="7"/><kerning first="108" second="34" amount="-6"/><kerning first="108" second="39" amount="-6"/><kerning first="108" second="38" amount="12"/><kerning first="109" second="33" amount="3"/><kerning first="109" second="59" amount="3"/><kerning first="109" second="58" amount="3"/><kerning first="109" second="63" amount="3"/><kerning first="109" second="95" amount="2"/><kerning first="109" second="45" amount="-4"/><kerning first="109" second="46" amount="2"/><kerning first="109" second="44" amount="2"/><kerning first="109" second="34" amount="-5"/><kerning first="109" second="39" amount="-5"/><kerning first="109" second="38" amount="6"/><kerning first="110" second="33" amount="2"/><kerning first="110" second="59" amount="3"/><kerning first="110" second="58" amount="3"/><kerning first="110" second="63" amount="4"/><kerning first="110" second="95" amount="2"/><kerning first="110" second="45" amount="1"/><kerning first="110" second="46" amount="2"/><kerning first="110" second="44" amount="2"/><kerning first="110" second="34" amount="5"/><kerning first="110" second="39" amount="5"/><kerning first="110" second="38" amount="7"/><kerning first="111" second="33" amount="-1"/><kerning first="111" second="59" amount="2"/><kerning first="111" second="58" amount="2"/><kerning first="111" second="63" amount="1"/><kerning first="111" second="45" amount="4"/><kerning first="111" second="34" amount="2"/><kerning first="111" second="39" amount="2"/><kerning first="111" second="38" amount="8"/><kerning first="112" second="33" amount="-2"/><kerning first="112" second="59" amount="2"/><kerning first="112" second="58" amount="2"/><kerning first="112" second="63" amount="2"/><kerning first="112" second="95" amount="-4"/><kerning first="112" second="45" amount="1"/><kerning first="112" second="46" amount="-4"/><kerning first="112" second="44" amount="-4"/><kerning first="112" second="34" amount="2"/><kerning first="112" second="39" amount="2"/><kerning first="112" second="38" amount="5"/><kerning first="113" second="33" amount="6"/><kerning first="113" second="59" amount="7"/><kerning first="113" second="58" amount="7"/><kerning first="113" second="63" amount="6"/><kerning first="113" second="95" amount="6"/><kerning first="113" second="45" amount="4"/><kerning first="113" second="46" amount="6"/><kerning first="113" second="44" amount="6"/><kerning first="113" second="34" amount="3"/><kerning first="113" second="39" amount="3"/><kerning first="113" second="38" amount="10"/><kerning first="114" second="33" amount="4"/><kerning first="114" second="59" amount="5"/><kerning first="114" second="58" amount="5"/><kerning first="114" second="63" amount="2"/><kerning first="114" second="95" amount="4"/><kerning first="114" second="46" amount="4"/><kerning first="114" second="44" amount="4"/><kerning first="114" second="34" amount="2"/><kerning first="114" second="39" amount="2"/><kerning first="114" second="38" amount="8"/><kerning first="115" second="33" amount="2"/><kerning first="115" second="59" amount="3"/><kerning first="115" second="58" amount="3"/><kerning first="115" second="63" amount="2"/><kerning first="115" second="95" amount="3"/><kerning first="115" second="46" amount="3"/><kerning first="115" second="44" amount="3"/><kerning first="115" second="34" amount="1"/><kerning first="115" second="39" amount="1"/><kerning first="115" second="38" amount="9"/><kerning first="116" second="97" amount="-7"/><kerning first="116" second="65" amount="-7"/><kerning first="116" second="33" amount="-2"/><kerning first="116" second="63" amount="7"/><kerning first="116" second="95" amount="-9"/><kerning first="116" second="45" amount="-11"/><kerning first="116" second="46" amount="-9"/><kerning first="116" second="44" amount="-9"/><kerning first="116" second="34" amount="5"/><kerning first="116" second="39" amount="5"/><kerning first="117" second="33" amount="-2"/><kerning first="117" second="59" amount="2"/><kerning first="117" second="58" amount="2"/><kerning first="117" second="63" amount="6"/><kerning first="117" second="95" amount="-1"/><kerning first="117" second="45" amount="2"/><kerning first="117" second="46" amount="-1"/><kerning first="117" second="44" amount="-1"/><kerning first="117" second="34" amount="4"/><kerning first="117" second="39" amount="4"/><kerning first="117" second="38" amount="6"/><kerning first="118" second="33" amount="1"/><kerning first="118" second="63" amount="9"/><kerning first="118" second="95" amount="-9"/><kerning first="118" second="45" amount="-5"/><kerning first="118" second="46" amount="-9"/><kerning first="118" second="44" amount="-9"/><kerning first="118" second="34" amount="7"/><kerning first="118" second="39" amount="7"/><kerning first="118" second="38" amount="1"/><kerning first="119" second="33" amount="1"/><kerning first="119" second="63" amount="9"/><kerning first="119" second="95" amount="-9"/><kerning first="119" second="45" amount="-5"/><kerning first="119" second="46" amount="-9"/><kerning first="119" second="44" amount="-9"/><kerning first="119" second="34" amount="7"/><kerning first="119" second="39" amount="7"/><kerning first="119" second="38" amount="1"/><kerning first="120" second="33" amount="6"/><kerning first="120" second="59" amount="5"/><kerning first="120" second="58" amount="5"/><kerning first="120" second="63" amount="9"/><kerning first="120" second="95" amount="4"/><kerning first="120" second="45" amount="-5"/><kerning first="120" second="46" amount="4"/><kerning first="120" second="44" amount="4"/><kerning first="120" second="34" amount="6"/><kerning first="120" second="39" amount="6"/><kerning first="120" second="38" amount="8"/><kerning first="121" second="33" amount="1"/><kerning first="121" second="63" amount="10"/><kerning first="121" second="95" amount="-11"/><kerning first="121" second="45" amount="-6"/><kerning first="121" second="46" amount="-11"/><kerning first="121" second="44" amount="-11"/><kerning first="121" second="34" amount="9"/><kerning first="121" second="39" amount="9"/><kerning first="121" second="38" amount="2"/><kerning first="122" second="33" amount="2"/><kerning first="122" second="59" amount="2"/><kerning first="122" second="58" amount="2"/><kerning first="122" second="63" amount="5"/><kerning first="122" second="95" amount="1"/><kerning first="122" second="45" amount="-7"/><kerning first="122" second="46" amount="1"/><kerning first="122" second="44" amount="1"/><kerning first="122" second="34" amount="3"/><kerning first="122" second="39" amount="3"/><kerning first="122" second="38" amount="6"/><kerning first="65" second="33" amount="7"/><kerning first="65" second="59" amount="6"/><kerning first="65" second="58" amount="6"/><kerning first="65" second="63" amount="6"/><kerning first="65" second="95" amount="5"/><kerning first="65" second="45" amount="-3"/><kerning first="65" second="46" amount="5"/><kerning first="65" second="44" amount="5"/><kerning first="65" second="34" amount="-5"/><kerning first="65" second="39" amount="-5"/><kerning first="65" second="38" amount="9"/><kerning first="66" second="33" amount="2"/><kerning first="66" second="59" amount="3"/><kerning first="66" second="58" amount="3"/><kerning first="66" second="63" amount="2"/><kerning first="66" second="95" amount="3"/><kerning first="66" second="46" amount="3"/><kerning first="66" second="44" amount="3"/><kerning first="66" second="34" amount="1"/><kerning first="66" second="39" amount="1"/><kerning first="66" second="38" amount="9"/><kerning first="67" second="33" amount="3"/><kerning first="67" second="59" amount="4"/><kerning first="67" second="58" amount="4"/><kerning first="67" second="63" amount="4"/><kerning first="67" second="95" amount="3"/><kerning first="67" second="45" amount="-7"/><kerning first="67" second="46" amount="3"/><kerning first="67" second="44" amount="3"/><kerning first="67" second="34" amount="1"/><kerning first="67" second="39" amount="1"/><kerning first="67" second="38" amount="8"/><kerning first="68" second="33" amount="-1"/><kerning first="68" second="59" amount="2"/><kerning first="68" second="58" amount="2"/><kerning first="68" second="63" amount="1"/><kerning first="68" second="45" amount="4"/><kerning first="68" second="34" amount="2"/><kerning first="68" second="39" amount="2"/><kerning first="68" second="38" amount="8"/><kerning first="69" second="33" amount="1"/><kerning first="69" second="59" amount="2"/><kerning first="69" second="58" amount="2"/><kerning first="69" second="63" amount="4"/><kerning first="69" second="95" amount="2"/><kerning first="69" second="45" amount="-2"/><kerning first="69" second="46" amount="2"/><kerning first="69" second="44" amount="2"/><kerning first="69" second="34" amount="2"/><kerning first="69" second="39" amount="2"/><kerning first="69" second="38" amount="8"/><kerning first="70" second="33" amount="-3"/><kerning first="70" second="63" amount="6"/><kerning first="70" second="95" amount="-2"/><kerning first="70" second="46" amount="-2"/><kerning first="70" second="44" amount="-2"/><kerning first="70" second="34" amount="4"/><kerning first="70" second="39" amount="4"/><kerning first="70" second="38" amount="6"/><kerning first="71" second="33" amount="-2"/><kerning first="71" second="59" amount="1"/><kerning first="71" second="58" amount="1"/><kerning first="71" second="63" amount="2"/><kerning first="71" second="45" amount="2"/><kerning first="71" second="34" amount="2"/><kerning first="71" second="39" amount="2"/><kerning first="71" second="38" amount="7"/><kerning first="72" second="33" amount="2"/><kerning first="72" second="59" amount="3"/><kerning first="72" second="58" amount="3"/><kerning first="72" second="63" amount="4"/><kerning first="72" second="95" amount="2"/><kerning first="72" second="45" amount="1"/><kerning first="72" second="46" amount="2"/><kerning first="72" second="44" amount="2"/><kerning first="72" second="34" amount="5"/><kerning first="72" second="39" amount="5"/><kerning first="72" second="38" amount="7"/><kerning first="73" second="33" amount="2"/><kerning first="73" second="59" amount="3"/><kerning first="73" second="58" amount="3"/><kerning first="73" second="63" amount="4"/><kerning first="73" second="95" amount="2"/><kerning first="73" second="45" amount="1"/><kerning first="73" second="46" amount="2"/><kerning first="73" second="44" amount="2"/><kerning first="73" second="34" amount="5"/><kerning first="73" second="39" amount="5"/><kerning first="73" second="38" amount="7"/><kerning first="74" second="33" amount="-2"/><kerning first="74" second="59" amount="2"/><kerning first="74" second="58" amount="2"/><kerning first="74" second="63" amount="6"/><kerning first="74" second="95" amount="-1"/><kerning first="74" second="45" amount="2"/><kerning first="74" second="46" amount="-1"/><kerning first="74" second="44" amount="-1"/><kerning first="74" second="34" amount="4"/><kerning first="74" second="39" amount="4"/><kerning first="74" second="38" amount="6"/><kerning first="75" second="33" amount="6"/><kerning first="75" second="59" amount="6"/><kerning first="75" second="58" amount="6"/><kerning first="75" second="63" amount="8"/><kerning first="75" second="95" amount="6"/><kerning first="75" second="45" amount="-8"/><kerning first="75" second="46" amount="6"/><kerning first="75" second="44" amount="6"/><kerning first="75" second="34" amount="6"/><kerning first="75" second="39" amount="6"/><kerning first="75" second="38" amount="10"/><kerning first="76" second="33" amount="7"/><kerning first="76" second="59" amount="8"/><kerning first="76" second="58" amount="8"/><kerning first="76" second="63" amount="7"/><kerning first="76" second="95" amount="7"/><kerning first="76" second="45" amount="-9"/><kerning first="76" second="46" amount="7"/><kerning first="76" second="44" amount="7"/><kerning first="76" second="34" amount="-6"/><kerning first="76" second="39" amount="-6"/><kerning first="76" second="38" amount="12"/><kerning first="77" second="33" amount="3"/><kerning first="77" second="59" amount="3"/><kerning first="77" second="58" amount="3"/><kerning first="77" second="63" amount="3"/><kerning first="77" second="95" amount="2"/><kerning first="77" second="45" amount="-4"/><kerning first="77" second="46" amount="2"/><kerning first="77" second="44" amount="2"/><kerning first="77" second="34" amount="-5"/><kerning first="77" second="39" amount="-5"/><kerning first="77" second="38" amount="6"/><kerning first="78" second="33" amount="2"/><kerning first="78" second="59" amount="3"/><kerning first="78" second="58" amount="3"/><kerning first="78" second="63" amount="4"/><kerning first="78" second="95" amount="2"/><kerning first="78" second="45" amount="1"/><kerning first="78" second="46" amount="2"/><kerning first="78" second="44" amount="2"/><kerning first="78" second="34" amount="5"/><kerning first="78" second="39" amount="5"/><kerning first="78" second="38" amount="7"/><kerning first="79" second="33" amount="-1"/><kerning first="79" second="59" amount="2"/><kerning first="79" second="58" amount="2"/><kerning first="79" second="63" amount="1"/><kerning first="79" second="45" amount="4"/><kerning first="79" second="34" amount="2"/><kerning first="79" second="39" amount="2"/><kerning first="79" second="38" amount="8"/><kerning first="80" second="33" amount="-2"/><kerning first="80" second="59" amount="2"/><kerning first="80" second="58" amount="2"/><kerning first="80" second="63" amount="2"/><kerning first="80" second="95" amount="-4"/><kerning first="80" second="45" amount="1"/><kerning first="80" second="46" amount="-4"/><kerning first="80" second="44" amount="-4"/><kerning first="80" second="34" amount="2"/><kerning first="80" second="39" amount="2"/><kerning first="80" second="38" amount="5"/><kerning first="81" second="33" amount="6"/><kerning first="81" second="59" amount="7"/><kerning first="81" second="58" amount="7"/><kerning first="81" second="63" amount="6"/><kerning first="81" second="95" amount="6"/><kerning first="81" second="45" amount="4"/><kerning first="81" second="46" amount="6"/><kerning first="81" second="44" amount="6"/><kerning first="81" second="34" amount="3"/><kerning first="81" second="39" amount="3"/><kerning first="81" second="38" amount="10"/><kerning first="82" second="33" amount="4"/><kerning first="82" second="59" amount="5"/><kerning first="82" second="58" amount="5"/><kerning first="82" second="63" amount="2"/><kerning first="82" second="95" amount="4"/><kerning first="82" second="46" amount="4"/><kerning first="82" second="44" amount="4"/><kerning first="82" second="34" amount="2"/><kerning first="82" second="39" amount="2"/><kerning first="82" second="38" amount="8"/><kerning first="83" second="33" amount="2"/><kerning first="83" second="59" amount="3"/><kerning first="83" second="58" amount="3"/><kerning first="83" second="63" amount="2"/><kerning first="83" second="95" amount="3"/><kerning first="83" second="46" amount="3"/><kerning first="83" second="44" amount="3"/><kerning first="83" second="34" amount="1"/><kerning first="83" second="39" amount="1"/><kerning first="83" second="38" amount="9"/><kerning first="84" second="97" amount="-7"/><kerning first="84" second="65" amount="-7"/><kerning first="84" second="33" amount="-2"/><kerning first="84" second="63" amount="7"/><kerning first="84" second="95" amount="-9"/><kerning first="84" second="45" amount="-11"/><kerning first="84" second="46" amount="-9"/><kerning first="84" second="44" amount="-9"/><kerning first="84" second="34" amount="5"/><kerning first="84" second="39" amount="5"/><kerning first="85" second="33" amount="-2"/><kerning first="85" second="59" amount="2"/><kerning first="85" second="58" amount="2"/><kerning first="85" second="63" amount="6"/><kerning first="85" second="95" amount="-1"/><kerning first="85" second="45" amount="2"/><kerning first="85" second="46" amount="-1"/><kerning first="85" second="44" amount="-1"/><kerning first="85" second="34" amount="4"/><kerning first="85" second="39" amount="4"/><kerning first="85" second="38" amount="6"/><kerning first="86" second="33" amount="1"/><kerning first="86" second="63" amount="9"/><kerning first="86" second="95" amount="-9"/><kerning first="86" second="45" amount="-5"/><kerning first="86" second="46" amount="-9"/><kerning first="86" second="44" amount="-9"/><kerning first="86" second="34" amount="7"/><kerning first="86" second="39" amount="7"/><kerning first="86" second="38" amount="1"/><kerning first="87" second="33" amount="1"/><kerning first="87" second="63" amount="9"/><kerning first="87" second="95" amount="-9"/><kerning first="87" second="45" amount="-5"/><kerning first="87" second="46" amount="-9"/><kerning first="87" second="44" amount="-9"/><kerning first="87" second="34" amount="7"/><kerning first="87" second="39" amount="7"/><kerning first="87" second="38" amount="1"/><kerning first="88" second="33" amount="6"/><kerning first="88" second="59" amount="5"/><kerning first="88" second="58" amount="5"/><kerning first="88" second="63" amount="9"/><kerning first="88" second="95" amount="4"/><kerning first="88" second="45" amount="-5"/><kerning first="88" second="46" amount="4"/><kerning first="88" second="44" amount="4"/><kerning first="88" second="34" amount="6"/><kerning first="88" second="39" amount="6"/><kerning first="88" second="38" amount="8"/><kerning first="89" second="33" amount="1"/><kerning first="89" second="63" amount="10"/><kerning first="89" second="95" amount="-11"/><kerning first="89" second="45" amount="-6"/><kerning first="89" second="46" amount="-11"/><kerning first="89" second="44" amount="-11"/><kerning first="89" second="34" amount="9"/><kerning first="89" second="39" amount="9"/><kerning first="89" second="38" amount="2"/><kerning first="90" second="33" amount="2"/><kerning first="90" second="59" amount="2"/><kerning first="90" second="58" amount="2"/><kerning first="90" second="63" amount="5"/><kerning first="90" second="95" amount="1"/><kerning first="90" second="45" amount="-7"/><kerning first="90" second="46" amount="1"/><kerning first="90" second="44" amount="1"/><kerning first="90" second="34" amount="3"/><kerning first="90" second="39" amount="3"/><kerning first="90" second="38" amount="6"/><kerning first="33" second="97" amount="3"/><kerning first="33" second="98" amount="3"/><kerning first="33" second="99" amount="1"/><kerning first="33" second="100" amount="3"/><kerning first="33" second="101" amount="3"/><kerning first="33" second="102" amount="3"/><kerning first="33" second="103" amount="1"/><kerning first="33" second="104" amount="3"/><kerning first="33" second="105" amount="3"/><kerning first="33" second="106" amount="6"/><kerning first="33" second="107" amount="3"/><kerning first="33" second="108" amount="3"/><kerning first="33" second="109" amount="-1"/><kerning first="33" second="110" amount="3"/><kerning first="33" second="111" amount="1"/><kerning first="33" second="112" amount="3"/><kerning first="33" second="113" amount="1"/><kerning first="33" second="114" amount="3"/><kerning first="33" second="115" amount="1"/><kerning first="33" second="116" amount="2"/><kerning first="33" second="117" amount="1"/><kerning first="33" second="118" amount="6"/><kerning first="33" second="119" amount="6"/><kerning first="33" second="120" amount="6"/><kerning first="33" second="121" amount="6"/><kerning first="33" second="122" amount="-1"/><kerning first="33" second="65" amount="3"/><kerning first="33" second="66" amount="3"/><kerning first="33" second="67" amount="1"/><kerning first="33" second="68" amount="3"/><kerning first="33" second="69" amount="3"/><kerning first="33" second="70" amount="3"/><kerning first="33" second="71" amount="1"/><kerning first="33" second="72" amount="3"/><kerning first="33" second="73" amount="3"/><kerning first="33" second="74" amount="6"/><kerning first="33" second="75" amount="3"/><kerning first="33" second="76" amount="3"/><kerning first="33" second="77" amount="-1"/><kerning first="33" second="78" amount="3"/><kerning first="33" second="79" amount="1"/><kerning first="33" second="80" amount="3"/><kerning first="33" second="81" amount="1"/><kerning first="33" second="82" amount="3"/><kerning first="33" second="83" amount="1"/><kerning first="33" second="84" amount="2"/><kerning first="33" second="85" amount="1"/><kerning first="33" second="86" amount="6"/><kerning first="33" second="87" amount="6"/><kerning first="33" second="88" amount="6"/><kerning first="33" second="89" amount="6"/><kerning first="33" second="90" amount="-1"/><kerning first="59" second="97" amount="3"/><kerning first="59" second="98" amount="1"/><kerning first="59" second="99" amount="2"/><kerning first="59" second="100" amount="1"/><kerning first="59" second="101" amount="1"/><kerning first="59" second="102" amount="1"/><kerning first="59" second="103" amount="2"/><kerning first="59" second="104" amount="1"/><kerning first="59" second="105" amount="1"/><kerning first="59" second="106" amount="7"/><kerning first="59" second="107" amount="1"/><kerning first="59" second="108" amount="1"/><kerning first="59" second="110" amount="1"/><kerning first="59" second="111" amount="2"/><kerning first="59" second="112" amount="1"/><kerning first="59" second="113" amount="2"/><kerning first="59" second="114" amount="1"/><kerning first="59" second="115" amount="2"/><kerning first="59" second="116" amount="2"/><kerning first="59" second="117" amount="1"/><kerning first="59" second="118" amount="2"/><kerning first="59" second="119" amount="2"/><kerning first="59" second="120" amount="1"/><kerning first="59" second="122" amount="-2"/><kerning first="59" second="65" amount="3"/><kerning first="59" second="66" amount="1"/><kerning first="59" second="67" amount="2"/><kerning first="59" second="68" amount="1"/><kerning first="59" second="69" amount="1"/><kerning first="59" second="70" amount="1"/><kerning first="59" second="71" amount="2"/><kerning first="59" second="72" amount="1"/><kerning first="59" second="73" amount="1"/><kerning first="59" second="74" amount="7"/><kerning first="59" second="75" amount="1"/><kerning first="59" second="76" amount="1"/><kerning first="59" second="78" amount="1"/><kerning first="59" second="79" amount="2"/><kerning first="59" second="80" amount="1"/><kerning first="59" second="81" amount="2"/><kerning first="59" second="82" amount="1"/><kerning first="59" second="83" amount="2"/><kerning first="59" second="84" amount="2"/><kerning first="59" second="85" amount="1"/><kerning first="59" second="86" amount="2"/><kerning first="59" second="87" amount="2"/><kerning first="59" second="88" amount="1"/><kerning first="59" second="90" amount="-2"/><kerning first="58" second="97" amount="3"/><kerning first="58" second="98" amount="1"/><kerning first="58" second="99" amount="2"/><kerning first="58" second="100" amount="1"/><kerning first="58" second="101" amount="1"/><kerning first="58" second="102" amount="1"/><kerning first="58" second="103" amount="2"/><kerning first="58" second="104" amount="1"/><kerning first="58" second="105" amount="1"/><kerning first="58" second="106" amount="7"/><kerning first="58" second="107" amount="1"/><kerning first="58" second="108" amount="1"/><kerning first="58" second="110" amount="1"/><kerning first="58" second="111" amount="2"/><kerning first="58" second="112" amount="1"/><kerning first="58" second="113" amount="2"/><kerning first="58" second="114" amount="1"/><kerning first="58" second="115" amount="2"/><kerning first="58" second="116" amount="2"/><kerning first="58" second="117" amount="1"/><kerning first="58" second="118" amount="2"/><kerning first="58" second="119" amount="2"/><kerning first="58" second="120" amount="1"/><kerning first="58" second="122" amount="-2"/><kerning first="58" second="65" amount="3"/><kerning first="58" second="66" amount="1"/><kerning first="58" second="67" amount="2"/><kerning first="58" second="68" amount="1"/><kerning first="58" second="69" amount="1"/><kerning first="58" second="70" amount="1"/><kerning first="58" second="71" amount="2"/><kerning first="58" second="72" amount="1"/><kerning first="58" second="73" amount="1"/><kerning first="58" second="74" amount="7"/><kerning first="58" second="75" amount="1"/><kerning first="58" second="76" amount="1"/><kerning first="58" second="78" amount="1"/><kerning first="58" second="79" amount="2"/><kerning first="58" second="80" amount="1"/><kerning first="58" second="81" amount="2"/><kerning first="58" second="82" amount="1"/><kerning first="58" second="83" amount="2"/><kerning first="58" second="84" amount="2"/><kerning first="58" second="85" amount="1"/><kerning first="58" second="86" amount="2"/><kerning first="58" second="87" amount="2"/><kerning first="58" second="88" amount="1"/><kerning first="58" second="90" amount="-2"/><kerning first="63" second="97" amount="1"/><kerning first="63" second="98" amount="10"/><kerning first="63" second="99" amount="9"/><kerning first="63" second="100" amount="10"/><kerning first="63" second="101" amount="10"/><kerning first="63" second="102" amount="10"/><kerning first="63" second="103" amount="9"/><kerning first="63" second="104" amount="10"/><kerning first="63" second="105" amount="10"/><kerning first="63" second="106" amount="5"/><kerning first="63" second="107" amount="10"/><kerning first="63" second="108" amount="10"/><kerning first="63" second="109" amount="1"/><kerning first="63" second="110" amount="10"/><kerning first="63" second="111" amount="9"/><kerning first="63" second="112" amount="10"/><kerning first="63" second="113" amount="9"/><kerning first="63" second="114" amount="10"/><kerning first="63" second="115" amount="10"/><kerning first="63" second="116" amount="10"/><kerning first="63" second="117" amount="9"/><kerning first="63" second="118" amount="10"/><kerning first="63" second="119" amount="10"/><kerning first="63" second="120" amount="11"/><kerning first="63" second="121" amount="10"/><kerning first="63" second="122" amount="7"/><kerning first="63" second="65" amount="1"/><kerning first="63" second="66" amount="10"/><kerning first="63" second="67" amount="9"/><kerning first="63" second="68" amount="10"/><kerning first="63" second="69" amount="10"/><kerning first="63" second="70" amount="10"/><kerning first="63" second="71" amount="9"/><kerning first="63" second="72" amount="10"/><kerning first="63" second="73" amount="10"/><kerning first="63" second="74" amount="5"/><kerning first="63" second="75" amount="10"/><kerning first="63" second="76" amount="10"/><kerning first="63" second="77" amount="1"/><kerning first="63" second="78" amount="10"/><kerning first="63" second="79" amount="9"/><kerning first="63" second="80" amount="10"/><kerning first="63" second="81" amount="9"/><kerning first="63" second="82" amount="10"/><kerning first="63" second="83" amount="10"/><kerning first="63" second="84" amount="10"/><kerning first="63" second="85" amount="9"/><kerning first="63" second="86" amount="10"/><kerning first="63" second="87" amount="10"/><kerning first="63" second="88" amount="11"/><kerning first="63" second="89" amount="10"/><kerning first="63" second="90" amount="7"/><kerning first="95" second="97" amount="3"/><kerning first="95" second="98" amount="2"/><kerning first="95" second="100" amount="2"/><kerning first="95" second="101" amount="2"/><kerning first="95" second="102" amount="2"/><kerning first="95" second="104" amount="2"/><kerning first="95" second="105" amount="2"/><kerning first="95" second="106" amount="8"/><kerning first="95" second="107" amount="2"/><kerning first="95" second="108" amount="2"/><kerning first="95" second="110" amount="2"/><kerning first="95" second="112" amount="2"/><kerning first="95" second="114" amount="2"/><kerning first="95" second="115" amount="-2"/><kerning first="95" second="116" amount="-7"/><kerning first="95" second="117" amount="-1"/><kerning first="95" second="118" amount="-7"/><kerning first="95" second="119" amount="-7"/><kerning first="95" second="120" amount="2"/><kerning first="95" second="121" amount="-10"/><kerning first="95" second="122" amount="-1"/><kerning first="95" second="65" amount="3"/><kerning first="95" second="66" amount="2"/><kerning first="95" second="68" amount="2"/><kerning first="95" second="69" amount="2"/><kerning first="95" second="70" amount="2"/><kerning first="95" second="72" amount="2"/><kerning first="95" second="73" amount="2"/><kerning first="95" second="74" amount="8"/><kerning first="95" second="75" amount="2"/><kerning first="95" second="76" amount="2"/><kerning first="95" second="78" amount="2"/><kerning first="95" second="80" amount="2"/><kerning first="95" second="82" amount="2"/><kerning first="95" second="83" amount="-2"/><kerning first="95" second="84" amount="-7"/><kerning first="95" second="85" amount="-1"/><kerning first="95" second="86" amount="-7"/><kerning first="95" second="87" amount="-7"/><kerning first="95" second="88" amount="2"/><kerning first="95" second="89" amount="-10"/><kerning first="95" second="90" amount="-1"/><kerning first="95" second="95" amount="-6"/><kerning first="95" second="46" amount="-6"/><kerning first="95" second="44" amount="-6"/><kerning first="45" second="97" amount="-2"/><kerning first="45" second="99" amount="3"/><kerning first="45" second="103" amount="3"/><kerning first="45" second="106" amount="-7"/><kerning first="45" second="109" amount="-3"/><kerning first="45" second="111" amount="3"/><kerning first="45" second="113" amount="3"/><kerning first="45" second="116" amount="-8"/><kerning first="45" second="117" amount="2"/><kerning first="45" second="118" amount="-4"/><kerning first="45" second="119" amount="-4"/><kerning first="45" second="120" amount="-4"/><kerning first="45" second="121" amount="-7"/><kerning first="45" second="122" amount="-6"/><kerning first="45" second="65" amount="-2"/><kerning first="45" second="67" amount="3"/><kerning first="45" second="71" amount="3"/><kerning first="45" second="74" amount="-7"/><kerning first="45" second="77" amount="-3"/><kerning first="45" second="79" amount="3"/><kerning first="45" second="81" amount="3"/><kerning first="45" second="84" amount="-8"/><kerning first="45" second="85" amount="2"/><kerning first="45" second="86" amount="-4"/><kerning first="45" second="87" amount="-4"/><kerning first="45" second="88" amount="-4"/><kerning first="45" second="89" amount="-7"/><kerning first="45" second="90" amount="-6"/><kerning first="46" second="97" amount="3"/><kerning first="46" second="98" amount="2"/><kerning first="46" second="100" amount="2"/><kerning first="46" second="101" amount="2"/><kerning first="46" second="102" amount="2"/><kerning first="46" second="104" amount="2"/><kerning first="46" second="105" amount="2"/><kerning first="46" second="106" amount="8"/><kerning first="46" second="107" amount="2"/><kerning first="46" second="108" amount="2"/><kerning first="46" second="110" amount="2"/><kerning first="46" second="112" amount="2"/><kerning first="46" second="114" amount="2"/><kerning first="46" second="115" amount="-2"/><kerning first="46" second="116" amount="-7"/><kerning first="46" second="117" amount="-1"/><kerning first="46" second="118" amount="-7"/><kerning first="46" second="119" amount="-7"/><kerning first="46" second="120" amount="2"/><kerning first="46" second="121" amount="-10"/><kerning first="46" second="122" amount="-1"/><kerning first="46" second="65" amount="3"/><kerning first="46" second="66" amount="2"/><kerning first="46" second="68" amount="2"/><kerning first="46" second="69" amount="2"/><kerning first="46" second="70" amount="2"/><kerning first="46" second="72" amount="2"/><kerning first="46" second="73" amount="2"/><kerning first="46" second="74" amount="8"/><kerning first="46" second="75" amount="2"/><kerning first="46" second="76" amount="2"/><kerning first="46" second="78" amount="2"/><kerning first="46" second="80" amount="2"/><kerning first="46" second="82" amount="2"/><kerning first="46" second="83" amount="-2"/><kerning first="46" second="84" amount="-7"/><kerning first="46" second="85" amount="-1"/><kerning first="46" second="86" amount="-7"/><kerning first="46" second="87" amount="-7"/><kerning first="46" second="88" amount="2"/><kerning first="46" second="89" amount="-10"/><kerning first="46" second="90" amount="-1"/><kerning first="46" second="95" amount="-6"/><kerning first="46" second="46" amount="-6"/><kerning first="46" second="44" amount="-6"/><kerning first="44" second="97" amount="3"/><kerning first="44" second="98" amount="2"/><kerning first="44" second="100" amount="2"/><kerning first="44" second="101" amount="2"/><kerning first="44" second="102" amount="2"/><kerning first="44" second="104" amount="2"/><kerning first="44" second="105" amount="2"/><kerning first="44" second="106" amount="8"/><kerning first="44" second="107" amount="2"/><kerning first="44" second="108" amount="2"/><kerning first="44" second="110" amount="2"/><kerning first="44" second="112" amount="2"/><kerning first="44" second="114" amount="2"/><kerning first="44" second="115" amount="-2"/><kerning first="44" second="116" amount="-7"/><kerning first="44" second="117" amount="-1"/><kerning first="44" second="118" amount="-7"/><kerning first="44" second="119" amount="-7"/><kerning first="44" second="120" amount="2"/><kerning first="44" second="121" amount="-10"/><kerning first="44" second="122" amount="-1"/><kerning first="44" second="65" amount="3"/><kerning first="44" second="66" amount="2"/><kerning first="44" second="68" amount="2"/><kerning first="44" second="69" amount="2"/><kerning first="44" second="70" amount="2"/><kerning first="44" second="72" amount="2"/><kerning first="44" second="73" amount="2"/><kerning first="44" second="74" amount="8"/><kerning first="44" second="75" amount="2"/><kerning first="44" second="76" amount="2"/><kerning first="44" second="78" amount="2"/><kerning first="44" second="80" amount="2"/><kerning first="44" second="82" amount="2"/><kerning first="44" second="83" amount="-2"/><kerning first="44" second="84" amount="-7"/><kerning first="44" second="85" amount="-1"/><kerning first="44" second="86" amount="-7"/><kerning first="44" second="87" amount="-7"/><kerning first="44" second="88" amount="2"/><kerning first="44" second="89" amount="-10"/><kerning first="44" second="90" amount="-1"/><kerning first="44" second="95" amount="-6"/><kerning first="44" second="46" amount="-6"/><kerning first="44" second="44" amount="-6"/><kerning first="34" second="97" amount="-4"/><kerning first="34" second="98" amount="3"/><kerning first="34" second="99" amount="3"/><kerning first="34" second="100" amount="3"/><kerning first="34" second="101" amount="3"/><kerning first="34" second="102" amount="3"/><kerning first="34" second="103" amount="3"/><kerning first="34" second="104" amount="3"/><kerning first="34" second="105" amount="3"/><kerning first="34" second="106" amount="-7"/><kerning first="34" second="107" amount="3"/><kerning first="34" second="108" amount="3"/><kerning first="34" second="109" amount="-4"/><kerning first="34" second="110" amount="3"/><kerning first="34" second="111" amount="3"/><kerning first="34" second="112" amount="3"/><kerning first="34" second="113" amount="3"/><kerning first="34" second="114" amount="3"/><kerning first="34" second="115" amount="3"/><kerning first="34" second="116" amount="3"/><kerning first="34" second="117" amount="3"/><kerning first="34" second="118" amount="6"/><kerning first="34" second="119" amount="6"/><kerning first="34" second="120" amount="7"/><kerning first="34" second="121" amount="7"/><kerning first="34" second="65" amount="-4"/><kerning first="34" second="66" amount="3"/><kerning first="34" second="67" amount="3"/><kerning first="34" second="68" amount="3"/><kerning first="34" second="69" amount="3"/><kerning first="34" second="70" amount="3"/><kerning first="34" second="71" amount="3"/><kerning first="34" second="72" amount="3"/><kerning first="34" second="73" amount="3"/><kerning first="34" second="74" amount="-7"/><kerning first="34" second="75" amount="3"/><kerning first="34" second="76" amount="3"/><kerning first="34" second="77" amount="-4"/><kerning first="34" second="78" amount="3"/><kerning first="34" second="79" amount="3"/><kerning first="34" second="80" amount="3"/><kerning first="34" second="81" amount="3"/><kerning first="34" second="82" amount="3"/><kerning first="34" second="83" amount="3"/><kerning first="34" second="84" amount="3"/><kerning first="34" second="85" amount="3"/><kerning first="34" second="86" amount="6"/><kerning first="34" second="87" amount="6"/><kerning first="34" second="88" amount="7"/><kerning first="34" second="89" amount="7"/><kerning first="39" second="97" amount="-4"/><kerning first="39" second="98" amount="3"/><kerning first="39" second="99" amount="3"/><kerning first="39" second="100" amount="3"/><kerning first="39" second="101" amount="3"/><kerning first="39" second="102" amount="3"/><kerning first="39" second="103" amount="3"/><kerning first="39" second="104" amount="3"/><kerning first="39" second="105" amount="3"/><kerning first="39" second="106" amount="-7"/><kerning first="39" second="107" amount="3"/><kerning first="39" second="108" amount="3"/><kerning first="39" second="109" amount="-4"/><kerning first="39" second="110" amount="3"/><kerning first="39" second="111" amount="3"/><kerning first="39" second="112" amount="3"/><kerning first="39" second="113" amount="3"/><kerning first="39" second="114" amount="3"/><kerning first="39" second="115" amount="3"/><kerning first="39" second="116" amount="3"/><kerning first="39" second="117" amount="3"/><kerning first="39" second="118" amount="6"/><kerning first="39" second="119" amount="6"/><kerning first="39" second="120" amount="7"/><kerning first="39" second="121" amount="7"/><kerning first="39" second="65" amount="-4"/><kerning first="39" second="66" amount="3"/><kerning first="39" second="67" amount="3"/><kerning first="39" second="68" amount="3"/><kerning first="39" second="69" amount="3"/><kerning first="39" second="70" amount="3"/><kerning first="39" second="71" amount="3"/><kerning first="39" second="72" amount="3"/><kerning first="39" second="73" amount="3"/><kerning first="39" second="74" amount="-7"/><kerning first="39" second="75" amount="3"/><kerning first="39" second="76" amount="3"/><kerning first="39" second="77" amount="-4"/><kerning first="39" second="78" amount="3"/><kerning first="39" second="79" amount="3"/><kerning first="39" second="80" amount="3"/><kerning first="39" second="81" amount="3"/><kerning first="39" second="82" amount="3"/><kerning first="39" second="83" amount="3"/><kerning first="39" second="84" amount="3"/><kerning first="39" second="85" amount="3"/><kerning first="39" second="86" amount="6"/><kerning first="39" second="87" amount="6"/><kerning first="39" second="88" amount="7"/><kerning first="39" second="89" amount="7"/><kerning first="38" second="97" amount="9"/><kerning first="38" second="98" amount="8"/><kerning first="38" second="99" amount="6"/><kerning first="38" second="100" amount="8"/><kerning first="38" second="101" amount="8"/><kerning first="38" second="102" amount="8"/><kerning first="38" second="103" amount="6"/><kerning first="38" second="104" amount="8"/><kerning first="38" second="105" amount="8"/><kerning first="38" second="107" amount="8"/><kerning first="38" second="108" amount="8"/><kerning first="38" second="109" amount="6"/><kerning first="38" second="110" amount="8"/><kerning first="38" second="111" amount="6"/><kerning first="38" second="112" amount="8"/><kerning first="38" second="113" amount="6"/><kerning first="38" second="114" amount="8"/><kerning first="38" second="115" amount="4"/><kerning first="38" second="117" amount="5"/><kerning first="38" second="118" amount="2"/><kerning first="38" second="119" amount="2"/><kerning first="38" second="120" amount="7"/><kerning first="38" second="121" amount="4"/><kerning first="38" second="122" amount="5"/><kerning first="38" second="65" amount="9"/><kerning first="38" second="66" amount="8"/><kerning first="38" second="67" amount="6"/><kerning first="38" second="68" amount="8"/><kerning first="38" second="69" amount="8"/><kerning first="38" second="70" amount="8"/><kerning first="38" second="71" amount="6"/><kerning first="38" second="72" amount="8"/><kerning first="38" second="73" amount="8"/><kerning first="38" second="75" amount="8"/><kerning first="38" second="76" amount="8"/><kerning first="38" second="77" amount="6"/><kerning first="38" second="78" amount="8"/><kerning first="38" second="79" amount="6"/><kerning first="38" second="80" amount="8"/><kerning first="38" second="81" amount="6"/><kerning first="38" second="82" amount="8"/><kerning first="38" second="83" amount="4"/><kerning first="38" second="85" amount="5"/><kerning first="38" second="86" amount="2"/><kerning first="38" second="87" amount="2"/><kerning first="38" second="88" amount="7"/><kerning first="38" second="89" amount="4"/><kerning first="38" second="90" amount="5"/></kernings></font>